id,@id,addr:place,area,barrier,branch,building,building:levels,frequency,industrial,landuse,location,man_made,name,operator,operator:short,operator:wikidata,power,ref,roof:shape,source,start_date,street_cabinet,substation,utility,voltage,geometry,centroid
way/181912070,way/181912070,,,,,,,,,,outdoor,,Konongo Substation,,,,substation,,,,,,transmission,,161000,"POLYGON ((-1.2196837 6.6350231, -1.2198956 6.6346561, -1.2192651 6.6342967, -1.2190531 6.6346636, -1.2196837 6.6350231))","(-1.2194743763071527, 6.634659883395881)"
way/186450367,way/186450367,,,fence,,,,,,,outdoor,,Ahafo Site,,,,substation,,,,,,transmission,,161000,"POLYGON ((-2.3405457 7.0276487, -2.3412663 7.0278902, -2.3413008 7.0277835, -2.34153 7.0278461, -2.3418111 7.0268639, -2.3417906 7.0268585, -2.341414 7.0267663, -2.3414378 7.0266707, -2.341147 7.0266029, -2.3411387 7.0266406, -2.3410896 7.0268306, -2.3409093 7.0267848, -2.3406787 7.0275296, -2.3405622 7.0275914, -2.3405589 7.0276027, -2.3405457 7.0276487))","(-2.341222258627123, 7.027276824635125)"
way/236307769,way/236307769,,,fence,,,,,,industrial,outdoor,,Buipe Substation,,,,substation,,,,,,transmission,,161000,"POLYGON ((-1.4502052 8.7808023, -1.450196 8.7798138, -1.4492859 8.7798168, -1.4492905 8.7808023, -1.4502052 8.7808023))","(-1.4497446345699652, 8.780309212399324)"
way/236316930,way/236316930,,,,,,,,,,outdoor,,,,,,substation,,,,,,transmission,,161000,"POLYGON ((0.056133 6.296063, 0.0558751 6.2957911, 0.0556368 6.2954027, 0.05584 6.2948783, 0.0560705 6.294754, 0.0563796 6.2948743, 0.0566746 6.2940883, 0.0569615 6.2941636, 0.057704 6.2953017, 0.0578876 6.2956551, 0.0576063 6.2963271, 0.0574461 6.2964475, 0.0561956 6.2960241, 0.056133 6.296063))","(0.05680875149323361, 6.29538722159294)"
way/246515897,way/246515897,,,,,,,,,,,,Kpong Generating Station,,,,substation,,,,,,,,,"POLYGON ((0.1256743 6.1166406, 0.1255126 6.1172347, 0.1244445 6.1169474, 0.1246062 6.1163532, 0.1256743 6.1166406))","(0.12505938636115813, 6.116793970069169)"
way/256518317,way/256518317,,,,,,,,,,outdoor,,Techiman Substation,,,,substation,,,,,,transmission,,161000,"POLYGON ((-1.9270838 7.5763314, -1.9262546 7.5756227, -1.9257752 7.5761738, -1.9266043 7.5768826, -1.9270838 7.5763314))","(-1.9264294886957476, 7.576252635986385)"
way/256777447,way/256777447,,,,,,,,,,outdoor,,,Electricity Company of Ghana,ECG,Q16733491,substation,,,,,,distribution,,161000,"POLYGON ((0.010462 5.6757182, 0.0106338 5.6755728, 0.0104534 5.6753618, 0.0111027 5.6748121, 0.0117648 5.6755864, 0.0111138 5.6761374, 0.010933 5.6759259, 0.0107627 5.67607, 0.010462 5.6757182))","(0.011064974988192425, 5.675511665216308)"
way/258692953,way/258692953,,,,,,,,,,,,Kpong,,,,substation,,,,,,,,,"POLYGON ((0.063358 6.1732792, 0.0637063 6.1740838, 0.0627329 6.1745004, 0.0626446 6.1742964, 0.0620865 6.1745352, 0.0618798 6.1740577, 0.0624379 6.1738189, 0.0623846 6.1736958, 0.063358 6.1732792))","(0.06284660803360637, 6.173962723606681)"
way/282578857,way/282578857,,,fence,,,,,,,outdoor,,,Ghana Grid Company,,Q16733560,substation,,,,,,transmission,,330000,"POLYGON ((-0.000055 5.6952202, 0.0005019 5.6938155, 0.0015053 5.6941976, 0.0010343 5.695367, 0.0011498 5.6954525, 0.0009449 5.6956466, -0.000055 5.6952202))","(0.0007262805766363914, 5.694728693544055)"
way/282578859,way/282578859,,,fence,,,,,,,outdoor,,,Ghana Grid Company,,Q16733560,substation,,,,,,transmission,,161000,"POLYGON ((0.0015805 5.6959073, 0.0021669 5.6944263, 0.0024696 5.6945491, 0.0025257 5.694457, 0.0037376 5.6949549, 0.0032183 5.6962091, 0.0021679 5.6957792, 0.0020292 5.6960829, 0.0015805 5.6959073))","(0.00266393364261044, 5.695321121344532)"
way/297946983,way/297946983,,,,,,,,,,,street_cabinet,Station B Korlebu,,,,substation,,,,,power,,,,"POLYGON ((-0.2400898 5.5469363, -0.2400929 5.5462756, -0.2396692 5.5462736, -0.239666 5.5469342, -0.2400898 5.5469363))","(-0.2398794802568927, 5.546604938079511)"
way/298258042,way/298258042,,,,,,,,,,,,Station D,,,,substation,,,,,,,,,"POLYGON ((-0.2215537 5.5796674, -0.2215579 5.5793724, -0.2211982 5.5793674, -0.221194 5.5796623, -0.2215537 5.5796674))","(-0.2213759601593229, 5.579517375239935)"
way/298260302,way/298260302,,,,,,3,,,,,,ECG Station G,Electricity Company of Ghana,ECG,Q16733491,substation,,flat,,,,distribution,,,"POLYGON ((-0.2060468 5.5471907, -0.2058533 5.5469656, -0.2057905 5.547019, -0.2057655 5.5470403, -0.2057362 5.5470647, -0.2059714 5.5473347, -0.2060304 5.5472839, -0.2059937 5.5472414, -0.2060468 5.5471907))","(-0.20590054484630854, 5.5471425773164045)"
way/302110055,way/302110055,,,,,,,,,,,,Volta River Authority,,,,substation,,,,,,,,,"POLYGON ((-2.3189571 7.3340305, -2.3189417 7.3339615, -2.3202076 7.3336436, -2.3199055 7.3322943, -2.3176294 7.3328651, -2.317737 7.3333458, -2.3179455 7.3342164, -2.3185288 7.3340794, -2.3185964 7.33412, -2.3189571 7.3340305))","(-2.3189177970580683, 7.3332617059034435)"
way/302127341,way/302127341,,,,,,,,,,,,Obuasi Substation,,,,substation,,,,,,transmission,,161000,"POLYGON ((-1.6887785 6.1651343, -1.6887785 6.1648583, -1.6888974 6.1648608, -1.6889395 6.1643558, -1.6888082 6.1643065, -1.687765 6.1642892, -1.6876981 6.1651047, -1.6887785 6.1651343))","(-1.6883036086001706, 6.164702214700272)"
way/302127344,way/302127344,,,,,,,,,,outdoor,,Akwatia Substation,,,,substation,,,,,,transmission,,161000,"POLYGON ((-0.8238903 6.0138694, -0.8238955 6.0134198, -0.8235296 6.0134156, -0.8235333 6.0130951, -0.8231669 6.0130909, -0.823158 6.013861, -0.8238903 6.0138694))","(-0.8234798210674427, 6.01353861702204)"
way/302127345,way/302127345,Asawinso,,,,,,,,,,,Asawinso Substation,Ghana Grid Company Ltd,,,substation,,,,,,,,161000,"POLYGON ((-2.2220425 6.2457731, -2.2214856 6.2462153, -2.2219849 6.2468366, -2.2221245 6.2467258, -2.2221267 6.2467285, -2.2223825 6.2467914, -2.2226745 6.2465596, -2.2220425 6.2457731))","(-2.2220733023615225, 6.246349834604122)"
way/302127346,way/302127346,,,,,,,,,,,,GENSER,,,,substation,,,,,,,,161000,"POLYGON ((-1.9317825 5.9592778, -1.9317533 5.9592398, -1.9314242 5.958811, -1.9308719 5.9592303, -1.9312302 5.9596972, -1.9317825 5.9592778))","(-1.9313271903348317, 5.9592540858301)"
way/302127347,way/302127347,,,,,,,,,,,,Dunkwa,,,,substation,,,,,,,,161000,"POLYGON ((-1.7800285 5.9627114, -1.7794247 5.9625853, -1.7793285 5.9630407, -1.7794665 5.9630696, -1.7794224 5.9632785, -1.7798881 5.9633758, -1.7800285 5.9627114))","(-1.779678184310317, 5.96296666461531)"
way/302127349,way/302127349,,,,,,,,,,outdoor,,Kumasi Substation,,,,substation,,,,,,transmission,,161000,"POLYGON ((-1.6157008 6.6766398, -1.6149525 6.6770286, -1.6156984 6.678333, -1.615852 6.6782518, -1.6159833 6.6784684, -1.6162212 6.6784832, -1.6162995 6.6784288, -1.6164269 6.6783404, -1.6160948 6.6777424, -1.6161964 6.6776242, -1.6157008 6.6766398))","(-1.6157099507345527, 6.677565036797579)"
way/302127350,way/302127350,,,,,,,,,,outdoor,,Tafo Substation,Ghana Grid Company Limited (GRIDCO),,,substation,,,,,,,,161000,"POLYGON ((-0.369102 6.210004, -0.369503 6.2095466, -0.3695424 6.209285, -0.3692882 6.2090946, -0.3691235 6.2092672, -0.368556 6.2087938, -0.368189 6.2092903, -0.369102 6.210004))","(-0.36889482382792677, 6.209397072874249)"
way/302155685,way/302155685,,,,,,,,,,outdoor,,Wa Substation,,,,substation,,,,,,transmission,,161000,"POLYGON ((-2.4890178 10.0708547, -2.4890036 10.0703127, -2.4887416 10.0703193, -2.4887406 10.070282, -2.4876071 10.0703106, -2.487623 10.0709193, -2.4887514 10.0708909, -2.4887507 10.0708615, -2.4890178 10.0708547))","(-2.4883008637766277, 10.07059828882552)"
way/302155686,way/302155686,,,,,,,,,,outdoor,,Zebilla Substation,,,,substation,,,,,,transmission,,161000,"POLYGON ((-0.4608098 10.9479452, -0.460478 10.9472879, -0.4595808 10.9477244, -0.4599125 10.9483817, -0.4608098 10.9479452))","(-0.4601952819168336, 10.947834802739816)"
way/302155687,way/302155687,,,,,,,,,,,,,,,,substation,,,,,,,,,"POLYGON ((-0.8564858 10.6262916, -0.8558419 10.6262386, -0.8557862 10.6268919, -0.8564302 10.626945, -0.8564858 10.6262916))","(-0.8561360317082201, 10.626591784727779)"
way/302155694,way/302155694,,,fence,,,,,,,outdoor,,Bolgatanga Substation,,,,substation,,,,,,transmission,,161000,"POLYGON ((-0.8707953 10.7942234, -0.8697698 10.794208, -0.8697533 10.7952705, -0.8709398 10.7952883, -0.8709447 10.7949725, -0.870865 10.7949713, -0.8707837 10.7949701, -0.8707953 10.7942234))","(-0.8703004880778489, 10.794763987634562)"
way/302155696,way/302155696,,,,,,,,,,outdoor,,,,,,substation,,,,,,transmission,,161000,"POLYGON ((-2.0003503 5.3126611, -1.9996852 5.3133634, -2.0003392 5.3139771, -2.0004238 5.3138877, -2.0007306 5.3141758, -2.0013111 5.3135629, -2.0003503 5.3126611))","(-2.0004966006991056, 5.313437133835765)"
way/302155700,way/302155700,,,,,,,,,,outdoor,,Sawla Substation,,,,substation,,,,,,transmission,,161000,"POLYGON ((-2.4242619 9.2600303, -2.4230142 9.2594204, -2.4224634 9.2605181, -2.4235266 9.2610377, -2.4237111 9.2611279, -2.4242619 9.2600303))","(-2.423362645177586, 9.260274162063482)"
way/302155701,way/302155701,,,fence,,,,,,,outdoor,,Gridco Substation Tamale,,,,substation,,,,,,transmission,,161000,"POLYGON ((-0.8535287 9.4187226, -0.8526584 9.4193729, -0.8527073 9.4194356, -0.8533383 9.4202437, -0.8541879 9.4195879, -0.8535287 9.4187226))","(-0.8534265363349128, 9.419481744975004)"
way/344219002,way/344219002,,,,,,,,,,,,,,,,substation,,,,2015-02-03,,,,161000,"POLYGON ((-1.9917621 10.8638366, -1.990596 10.8632096, -1.990128 10.8640492, -1.9912941 10.8646762, -1.9917621 10.8638366))","(-1.9909450499999999, 10.863942900000001)"
way/363240240,way/363240240,,,,,,,,,,,,,,,,substation,,,survey,,,,,,"POLYGON ((1.1849734 6.1236755, 1.1847697 6.1236059, 1.1848496 6.1233749, 1.1850533 6.1234445, 1.1849734 6.1236755))","(1.1849115, 6.1235252000000004)"
way/420931503,way/420931503,,,,,,,,,,outdoor,,GRIDCo Prestea Substation,GRIDCo,,,substation,,,,,,transmission,,,"POLYGON ((-2.1390367 5.4381265, -2.1387901 5.4373295, -2.1380015 5.4375713, -2.1382481 5.4383683, -2.1390367 5.4381265))","(-2.1385191, 5.4378489000000005)"
way/420938461,way/420938461,,,,,,,,,,outdoor,,GRIDCo Prestea Substation,GRIDCo,,,substation,,,,,,transmission,,,"POLYGON ((-2.1392146 5.4372422, -2.1392811 5.4366051, -2.139096 5.4364542, -2.1384214 5.436383, -2.1383634 5.4369277, -2.1383445 5.4369258, -2.1383384 5.436983, -2.1382738 5.4369763, -2.1382647 5.4370635, -2.1382087 5.4370577, -2.1382004 5.4371373, -2.1392146 5.4372422))","(-2.1387945680154647, 5.436826115775482)"
way/463628052,way/463628052,,yes,,,,,,,,,,ECG Sub-Station,Electricity Company of Ghana,ECG,Q16733491,substation,,,,,,distribution,,,"POLYGON ((-0.1049437 5.6172239, -0.1049311 5.6168417, -0.1045194 5.6168492, -0.1045382 5.6172264, -0.1049437 5.6172239))","(-0.10473352084941548, 5.6170347987169675)"
way/488016558,way/488016558,,,,,,,,,,,,,GRiDCo,,,substation,,,,,,,,,"POLYGON ((-1.9546617 5.3605378, -1.9542354 5.3605329, -1.9542309 5.360927, -1.9546572 5.3609319, -1.9546617 5.3605378))","(-1.9544462999999996, 5.3607324)"
way/509571188,way/509571188,,,,,,,,,,,,Bui Hydro Substation,,,,substation,,,,,,generation,,,"POLYGON ((-2.2338134 8.2773084, -2.2327539 8.2763582, -2.2319976 8.2771412, -2.233116 8.2780702, -2.2332931 8.2779003, -2.2334379 8.2780118, -2.2339287 8.2775048, -2.2337705 8.2773668, -2.2338134 8.2773084))","(-2.232975945867752, 8.277259187006148)"
way/519827364,way/519827364,,,,,,,,,,outdoor,,Aflao Sub Station,Ghana Grid Company (GRIDCo),,,substation,,,,,,transmission,,161000,"POLYGON ((1.1739305 6.167529, 1.1739681 6.1666578, 1.1747808 6.1666925, 1.1747432 6.1675637, 1.1739305 6.167529))","(1.17435565, 6.16711075)"
way/545489566,way/545489566,,,,,,,,,,,,,Electricity Company of Ghana Limited,,,substation,,,Bing 2/1/2003-5/22/2014,,,transmission,,,"POLYGON ((-1.3438887 5.0996007, -1.3440764 5.0985575, -1.3432007 5.0984012, -1.343013 5.0994444, -1.3438887 5.0996007))","(-1.3435447, 5.099000950000001)"
way/552312064,way/552312064,,,,,,,,,,,,,,,,substation,,,,,,,,,"POLYGON ((-1.0569499 5.2199868, -1.0569513 5.2195995, -1.0565838 5.2196021, -1.0564926 5.2196435, -1.0564806 5.2199761, -1.0569499 5.2199868))","(-1.0567224195893834, 5.219793984927542)"
way/570958795,way/570958795,,,,,,,,,,outdoor,,,,,,substation,,,,,,transmission,,161000,"POLYGON ((0.5517831 6.260686, 0.5517271 6.2596786, 0.5527825 6.2596322, 0.5528245 6.2604306, 0.5527825 6.2604817, 0.5527965 6.2606767, 0.5517831 6.260686))","(0.5522810212157954, 6.260164452601614)"
way/572941382,way/572941382,,,,,,,,,,,,,,,,substation,,,,,,,,,"POLYGON ((-1.4623645 6.7275185, -1.4622465 6.7271429, -1.4619671 6.7272295, -1.4620851 6.7276051, -1.4623645 6.7275185))","(-1.4621658, 6.727374000000001)"
way/589678342,way/589678342,,,,,,,,,,,,,,,,substation,,,,,,,,,"POLYGON ((-0.0967352 5.8876317, -0.0965166 5.8879772, -0.0967631 5.8881315, -0.0969817 5.887786, -0.0967352 5.8876317))","(-0.09674915000000002, 5.8878816)"
way/595164623,way/595164623,,,,,yes,,,,,platform,,,,,,substation,,,,,,distribution,,,"POLYGON ((-2.0024927 5.2990666, -2.0024176 5.2991187, -2.0024468 5.2991605, -2.0025219 5.2991084, -2.0024927 5.2990666))","(-2.00246975, 5.2991135499999995)"
way/605954253,way/605954253,,,,,,,,,,,,,,,,substation,,,,,,,,,"POLYGON ((-0.0471345 5.6990536, -0.0467348 5.6988774, -0.0464813 5.6993111, -0.0468957 5.6994539, -0.0471345 5.6990536))","(-0.04680919319038728, 5.699172638518283)"
way/629958932,way/629958932,,,,,,,,,,,,Yendi Substation,,,,substation,,,,,,transmission,,161000,"POLYGON ((-0.0150229 9.457673, -0.0150462 9.4576624, -0.015906 9.4572731, -0.0156241 9.4566673, -0.0147409 9.4570672, -0.0150229 9.457673))","(-0.015323468206980703, 9.457170135133378)"
way/630263563,way/630263563,,,,,,,,,,,,,,,,substation,,,,,,,,,"POLYGON ((-2.2229722 6.2473357, -2.2227289 6.2470495, -2.222403 6.2473233, -2.2226463 6.2476095, -2.2229722 6.2473357))","(-2.2226875999999995, 6.247329499999999)"
way/663822817,way/663822817,,,fence,,,,,,,outdoor,,"ECG Power Station ""H"" Achimota Bulk Supply Point",Electricity Company of Ghana,ECG,Q16733491,substation,,,,,,distribution,,161000,"POLYGON ((-0.2044085 5.6056394, -0.2041782 5.6059666, -0.2034442 5.6072023, -0.2040401 5.607606, -0.2041792 5.6075962, -0.2043401 5.6075253, -0.2046016 5.6072944, -0.2050294 5.6066965, -0.2053325 5.6062493, -0.2044085 5.6056394))","(-0.20437288371910084, 5.606671995200805)"
way/666445031,way/666445031,,,,,,,,,,,,,,,,substation,,,,,,,,,"POLYGON ((-0.2682186 5.6590381, -0.2679853 5.6592902, -0.268437 5.6597041, -0.2686451 5.6594792, -0.2685731 5.6594132, -0.2685982 5.659386, -0.2682186 5.6590381))","(-0.2683226393737533, 5.6593700261195945)"
way/667708204,way/667708204,,,,,,,,,,,,,,,,substation,,,,,,,,,"POLYGON ((-0.6457139 5.3880251, -0.6455687 5.3876988, -0.6451139 5.3878994, -0.6452591 5.3882257, -0.6457139 5.3880251))","(-0.6454139000000001, 5.387962249999999)"
way/667708205,way/667708205,,,,,,,,,,outdoor,,Winneba Substation,,,,substation,,,,,,transmission,,161000,"POLYGON ((-0.6462444 5.3886435, -0.646 5.3881138, -0.6453493 5.3884113, -0.6455936 5.388941, -0.6462444 5.3886435))","(-0.6457968314493112, 5.388527403834801)"
way/669669283,way/669669283,,,,Takoradi,,,,,,,,Takoradi Sub-Station,Ghana Grid Company,,,substation,,,,,,,,161000,"POLYGON ((-1.737153 4.9608066, -1.7368816 4.9599221, -1.7354751 4.9603503, -1.7356593 4.9609508, -1.7367165 4.9606289, -1.7368036 4.960913, -1.737153 4.9608066))","(-1.736340303838018, 4.9604660213488465)"
way/672526714,way/672526714,,,,,,,,,,outdoor,,Aboadze Substation,,,,substation,,,,,,transmission,,330000;161000,"POLYGON ((-1.6600719 4.9735088, -1.6596445 4.9735311, -1.6595907 4.9725059, -1.6579485 4.9725915, -1.658007 4.9737063, -1.6586051 4.9736751, -1.6586242 4.974039, -1.6593382 4.9740018, -1.6594987 4.9739876, -1.6596277 4.9739781, -1.6596216 4.9738566, -1.6600456 4.9738345, -1.6620487 4.9737301, -1.6619723 4.9722748, -1.66076 4.972338, -1.6600125 4.9723769, -1.6600719 4.9735088))","(-1.660076329644753, 4.97314443199587)"
way/672567165,way/672567165,,,,,,,,,,outdoor,,,,,,substation,,,,,,transmission,,161000,"POLYGON ((-0.1074211 5.6517978, -0.1078489 5.6527227, -0.1096621 5.6519927, -0.1091927 5.6510345, -0.1086777 5.6512306, -0.1073916 5.6517391, -0.1074211 5.6517978))","(-0.10852184348430642, 5.651872869474397)"
way/672628320,way/672628320,,,,,,,,,,outdoor,,,Ghana Grid Company,,Q16733560,substation,,,,,,transmission,,161000,"POLYGON ((0.0125743 5.6754933, 0.01296 5.6751705, 0.0127867 5.6749482, 0.0137498 5.6741291, 0.0139462 5.6743675, 0.0140124 5.6745407, 0.0136259 5.6749057, 0.014433 5.6757988, 0.0141286 5.6760926, 0.0141829 5.6762445, 0.0140974 5.676327, 0.0139326 5.6762816, 0.0136405 5.6765635, 0.0125743 5.6754933))","(0.013514856507352973, 5.675433257613388)"
way/672647718,way/672647718,,,,,,,,,,outdoor,,,,,,substation,,,,,,transmission,,161000,"POLYGON ((-0.2836946 5.5806094, -0.2835008 5.5793187, -0.2822314 5.5795509, -0.2823776 5.5800274, -0.2822851 5.5800541, -0.2825077 5.580827, -0.2836946 5.5806094))","(-0.2829785049842293, 5.5800737415123045)"
way/672810573,way/672810573,,,,,,,,,,outdoor,,Bawku Substation,,,,substation,,,,,,transmission,,161000,"POLYGON ((-0.2343594 11.0574714, -0.2339852 11.0565882, -0.2334608 11.056787, -0.2333763 11.0567093, -0.2326012 11.0572069, -0.232982 11.0581177, -0.2338591 11.0578518, -0.2338216 11.0577096, -0.2343594 11.0574714))","(-0.23346789720540234, 11.057346415773287)"
way/672951919,way/672951919,,,,,,,,,,outdoor,,Nkawkaw Substation,,,,substation,,,,,,transmission,,161000,"POLYGON ((-0.7751544 6.5598753, -0.7748847 6.5604457, -0.775014 6.5605125, -0.7749868 6.5605651, -0.7751512 6.5606491, -0.7751807 6.561018, -0.775557 6.5610293, -0.7759255 6.5602683, -0.7751544 6.5598753))","(-0.7753903558573665, 6.560460620885243)"
way/673695263,way/673695263,,,,,,,,,,outdoor,,,,,,substation,,,,,,transmission,,161000,"POLYGON ((-2.0520837 5.5218255, -2.0515704 5.5213683, -2.0511576 5.5218274, -2.0517208 5.522329, -2.0517796 5.5222636, -2.0519258 5.5223938, -2.0523169 5.5219589, -2.0521208 5.5217842, -2.0520837 5.5218255))","(-2.051727631808237, 5.521900019903775)"
way/673926575,way/673926575,,,,,,,,,,outdoor,,,,,,substation,,,,,,transmission,,161000,"POLYGON ((-2.0275529 5.3279948, -2.0271658 5.3276135, -2.0266736 5.3281089, -2.0270607 5.3284902, -2.0275529 5.3279948))","(-2.02711325, 5.3280518500000005)"
way/673959969,way/673959969,,,,,,,,,,outdoor,,Cape Coast Substation,,,,substation,,,,,,transmission,,161000,"POLYGON ((-1.2450157 5.1187045, -1.2452075 5.1183298, -1.2448033 5.1181245, -1.2449279 5.1178811, -1.2445571 5.1176928, -1.2444344 5.1179325, -1.2445938 5.1180135, -1.2444001 5.1183919, -1.2450157 5.1187045))","(-1.2447695113877861, 5.118234144100664)"
way/674068904,way/674068904,,,,,,,,,,outdoor,,,,,,substation,,,,,,transmission,,225000,"POLYGON ((-2.7528316 5.2896314, -2.7531078 5.2887073, -2.7517962 5.2882907, -2.7516702 5.2886806, -2.7514154 5.2886085, -2.7512652 5.2890866, -2.7523997 5.2895113, -2.7528316 5.2896314))","(-2.75223602759582, 5.28895428122809)"
way/674074973,way/674074973,,,,,,,,,,outdoor,,Essiama Substation,,,,substation,,,,,,transmission,,161000,"POLYGON ((-2.3451586 4.9425757, -2.3444839 4.9419308, -2.3435304 4.9429209, -2.3442051 4.9435658, -2.3451586 4.9425757))","(-2.3443445, 4.942748300000001)"
way/695710253,way/695710253,,,,,,,,,,outdoor,,,,,,substation,,,,,,transmission,,161000,"POLYGON ((0.0453454 5.6820534, 0.0452583 5.6818826, 0.0450651 5.6818146, 0.044986 5.6816638, 0.0450128 5.6814222, 0.0453924 5.6810539, 0.04556 5.6809725, 0.0459516 5.6818266, 0.0454822 5.6820441, 0.0453454 5.6820534))","(0.04544764383494491, 5.681565085559881)"
way/764528089,way/764528089,,,,,,,,,,,,ECG Sub Station,Electricity Company of Ghana,ECG,Q16733491,substation,,,,,,distribution,,,"POLYGON ((-0.007751 5.6446913, -0.0074573 5.6448144, -0.0074843 5.644878, -0.0075306 5.6448585, -0.0075614 5.6449314, -0.0077821 5.6448389, -0.0077507 5.6447646, -0.0077773 5.6447535, -0.007751 5.6446913))","(-0.007635399457784426, 5.644814343472993)"
way/791947748,way/791947748,,,,,,,,,,,,,,,,substation,,,,,,,,,"POLYGON ((0.0204461 5.696073, 0.021406 5.6951973, 0.0219744 5.6958142, 0.0210145 5.6966898, 0.0204461 5.696073))","(0.02121025457508189, 5.69594356589193)"
way/930744195,way/930744195,,,fence,,,,,,,,,Bolgatanga II Substation,,,,substation,,,,,,,,330000;225000;161000,"POLYGON ((-1.0634077 10.8780332, -1.0634034 10.8754065, -1.0625315 10.8754079, -1.0625324 10.875943, -1.0618293 10.8759441, -1.0618284 10.875382, -1.0607545 10.8753837, -1.0607588 10.8780374, -1.0623238 10.8780349, -1.0634077 10.8780332))","(-1.0620719948727317, 10.876775664389225)"
way/937298736,way/937298736,,,,,,,,,,,,Smelter 2,,,,substation,,,,,,substation,,,"POLYGON ((0.0134069 5.6748982, 0.0135036 5.6748081, 0.0135134 5.6748186, 0.0137441 5.6750637, 0.0136474 5.6751537, 0.0134069 5.6748982))","(0.013575488749749882, 5.674980930869105)"
way/1069597794,way/1069597794,,,fence,,,,,,,,,Tamale Substation,,,,substation,,,,,,,,330000;161000,"POLYGON ((-0.9450928 9.3263546, -0.9444879 9.3285031, -0.946114 9.3289489, -0.9467189 9.3268005, -0.9458042 9.3265497, -0.9450928 9.3263546))","(-0.9456033935687, 9.32765177610955)"
way/1095650797,way/1095650797,,,,,industrial,,,,,,,ECG Substation,,,,substation,,,,,,,,,"POLYGON ((-1.5764422 6.6688734, -1.5764581 6.6687851, -1.5763233 6.6687611, -1.5763074 6.6688494, -1.5764422 6.6688734))","(-1.5763827499999998, 6.66881725)"
way/1155380911,way/1155380911,,,fence,,,,,power,industrial,outdoor,,,,,,substation,,,,,,transmission,,330000;161000,"POLYGON ((-1.5197046 6.6957645, -1.5205304 6.6942623, -1.5204907 6.6942434, -1.5204598 6.6942286, -1.5213089 6.6927308, -1.5199841 6.6920398, -1.5200548 6.6919061, -1.5193085 6.6915168, -1.5184608 6.6931198, -1.5184152 6.693096, -1.5183487 6.6930613, -1.5175464 6.6945785, -1.5185625 6.6951085, -1.5185375 6.6951557, -1.5197046 6.6957645))","(-1.519439986400044, 6.6936766181172525)"
way/1246063586,way/1246063586,,,,,,,,,,,,,,,,substation,,,,,,,,,"POLYGON ((-1.6581721 4.9742633, -1.6581433 4.9737623, -1.6573802 4.9738058, -1.657409 4.9743068, -1.6581721 4.9742633))","(-1.65777615, 4.97403455)"
way/1246063599,way/1246063599,,,,,,,,,,,,,,,,substation,,,,,,,,,"POLYGON ((-1.6653186 4.968902, -1.6651537 4.9677465, -1.6645312 4.9678347, -1.6646962 4.9689902, -1.6653186 4.968902))","(-1.664924922211964, 4.968368334925277)"
way/1246170585,way/1246170585,,,,,,,50,,,outdoor,,,,,,substation,,,,,,,,330000,"POLYGON ((0.0461502 5.6815821, 0.0458 5.6807821, 0.0459811 5.6804867, 0.0466168 5.6809324, 0.0465873 5.6809725, 0.0470615 5.6813161, 0.0468658 5.6815882, 0.0464022 5.6812447, 0.0461502 5.6815821))","(0.046343502347370766, 5.681077539719796)"
way/1246170591,way/1246170591,,,,,,,,,,,,,,,,substation,,,,,,,,,"POLYGON ((0.0175891 5.6783195, 0.017711 5.678021, 0.0181071 5.6781811, 0.0179852 5.6784797, 0.0175891 5.6783195))","(0.017848108590852813, 5.678250331038017)"
way/1246170593,way/1246170593,,,,,,,,,,,,,,,,substation,,,,,,,,,"POLYGON ((0.0244018 5.6947569, 0.0249476 5.6942664, 0.0254309 5.6947989, 0.0248852 5.6952894, 0.0244018 5.6947569))","(0.02491636670805421, 5.694777899321483)"
way/1279201514,way/1279201514,,,,,,,,,,,,Mim Substation,,,,substation,,,,,,,,161000;34500,"POLYGON ((-2.5603337 6.9163163, -2.5604282 6.9155786, -2.5598052 6.9156868, -2.5596768 6.9156395, -2.5593672 6.9156502, -2.5593768 6.9163167, -2.5603337 6.9163163))","(-2.5598826933941616, 6.9159723851404316)"
way/1279409008,way/1279409008,,,,,,,,,,,,Berekum Substation,,,,substation,,,,,,,,,"POLYGON ((-2.6134354 7.428261, -2.612877 7.4274089, -2.6117859 7.4279898, -2.6123696 7.4288546, -2.6134354 7.428261))","(-2.612614394351582, 7.428128862401627)"
way/1279430609,way/1279430609,,,,,,,,,,,,Juabeso Substation,Ghana Grid Company,,Q16733560,substation,,,,,,transmission,,161000;34500,"POLYGON ((-2.833128 6.3529365, -2.8325335 6.3517946, -2.8316148 6.3521776, -2.8321547 6.3533436, -2.8319092 6.3534569, -2.8321386 6.3539316, -2.8326417 6.3537036, -2.8324261 6.3532305, -2.833128 6.3529365))","(-2.832345296674037, 6.352753122725337)"
way/1291386749,way/1291386749,,,,,,,,,,,,Kpone,,,,substation,,,,,,,,,"POLYGON ((0.0083818 5.7350106, 0.0083397 5.7348723, 0.0082913 5.7347137, 0.0084958 5.7346586, 0.0085813 5.7349539, 0.0083818 5.7350106))","(0.008437254319755429, 5.734833728598896)"
way/1294756600,way/1294756600,,,,,,,,,,outdoor,,Kasoa,Grid Co,,,substation,,,,,,transmission,,161000,"POLYGON ((-0.4428944 5.5311309, -0.4426664 5.5305275, -0.4426181 5.5304674, -0.441729 5.5307918, -0.441792 5.5310134, -0.441611 5.5310681, -0.4417813 5.5314993, -0.4417464 5.531518, -0.4419194 5.5316314, -0.4419878 5.5315367, -0.4427643 5.531279, -0.4427187 5.5311455, -0.4427777 5.5311282, -0.4427885 5.5311696, -0.4428944 5.5311309))","(-0.44224694564969974, 5.531038602899579)"
way/1301571554,way/1301571554,,,,,,,,,,,,,,,,substation,,,,,,,,,"POLYGON ((-2.1390367 5.4381265, -2.1387901 5.4373295, -2.1380015 5.4375713, -2.1382481 5.4383683, -2.1390367 5.4381265))","(-2.1385191, 5.4378489000000005)"
way/1317936012,way/1317936012,,,,,,,,,,,,Kpeve Substation,Ghana Grid Company,,Q16733560,substation,,,,,,transmission,power,,"POLYGON ((0.3338411 6.6927966, 0.3336801 6.6924314, 0.3341142 6.6922425, 0.3342752 6.6926077, 0.3338411 6.6927966))","(0.33397765, 6.69251955)"
way/1376393081,way/1376393081,,,,,,,50,,,,,Kadjebi Substaion,Ghana Grid Company,,,substation,,,,,,,power,69000,"POLYGON ((0.4680092 7.5069155, 0.4673536 7.5074041, 0.4668904 7.5067931, 0.467546 7.5063045, 0.4680092 7.5069155))","(0.4674498000000001, 7.5068543000000005)"
way/1376393083,way/1376393083,,,,,,,,,,,,,,,,substation,,,,,,,,,"POLYGON ((-1.0991867 10.8846343, -1.0995676 10.8843446, -1.0993208 10.8840483, -1.098948 10.8843446, -1.0991867 10.8846343))","(-1.0992567017235495, 10.884342400000001)"
way/1376395086,way/1376395086,,,,,,,50,,,,,Kpnadu Substaion,Ghana Grid Company,,,substation,,,,,,,power,69000,"POLYGON ((0.2910241 6.9744179, 0.2909434 6.9739043, 0.2914127 6.9738316, 0.2914934 6.9743452, 0.2910241 6.9744179))","(0.2912184000000001, 6.9741247500000005)"
way/1393656611,way/1393656611,,,,,,,,,,,,,,,,substation,,,,,,,,,"POLYGON ((-0.1799816 5.6553905, -0.1800835 5.654862, -0.1796557 5.654786, -0.1795645 5.6553078, -0.1799816 5.6553905))","(-0.17982206369261136, 5.655085732920682)"
way/1393656612,way/1393656612,,,,,,,,,,,,,,,,substation,,,,,,,,,"POLYGON ((-0.3731355 5.5510547, -0.3731181 5.5509452, -0.373169 5.5509318, -0.3731342 5.5506208, -0.3727479 5.5506983, -0.3727667 5.5508251, -0.3726889 5.5508491, -0.3727506 5.5511307, -0.3731355 5.5510547))","(-0.37293786642703386, 5.550877711017524)"
way/1393656613,way/1393656613,,,,,,,,,,,,,,,,substation,,,,,,,,,"POLYGON ((-1.2078005 5.2086888, -1.2080057 5.2091211, -1.2083262 5.2089752, -1.2081211 5.2085246, -1.2078005 5.2086888))","(-1.2080639020535204, 5.208826182597416)"
way/1413832435,way/1413832435,,,,,,,,,,,,,,,,substation,,,,,,,,,"POLYGON ((-2.3729327 6.2872593, -2.3735411 6.2877745, -2.3737121 6.2874601, -2.3734653 6.2872069, -2.3731944 6.2869909, -2.3729327 6.2872593))","(-2.3733426378373235, 6.28736744008171)"
way/1422444879,way/1422444879,,,,,,,,,,,,,,,,substation,,,,,,,,,"POLYGON ((-0.8533314 9.5548359, -0.8530793 9.5546454, -0.8528191 9.5550078, -0.8530793 9.555185, -0.8533314 9.5548359))","(-0.8530766000000001, 9.554917869653199)"
way/1422444880,way/1422444880,,,,,,,,,,,,,,,,substation,,,,,,,,,"POLYGON ((-1.0106993 9.6280204, -1.0108575 9.6277586, -1.0105571 9.6276078, -1.0104203 9.6278882, -1.0106993 9.6280204))","(-1.0106340333643167, 9.627816528078649)"
way/1426793366,way/1426793366,,,,,,,,,,,,,,,,substation,,,,,,,,,"POLYGON ((0.5818945 6.0100114, 0.581857 6.0096833, 0.5817148 6.0096913, 0.5816451 6.0092405, 0.5825973 6.0090911, 0.5827126 6.0099047, 0.5818945 6.0100114))","(0.5822061109930468, 6.009547263698825)"
way/1429532745,way/1429532745,,,,,,,50,,,outdoor,,Asiekpe Substaion,Ghana Grid Company,,,substation,,,,,,transmission,power,69000;161000,"POLYGON ((0.5517125 6.26072, 0.5516758 6.2596957, 0.552732 6.2596583, 0.5527687 6.2606825, 0.5517125 6.26072))","(0.5522222414279861, 6.2601891255935005)"
way/1443000643,way/1443000643,,,,,,,,,,,,,,,,substation,,,,,,,,,"POLYGON ((0.0195803 5.8287205, 0.019262 5.8282591, 0.0202065 5.8276764, 0.0205096 5.8281449, 0.0195803 5.8287205))","(0.019888937108514203, 5.828199809956884)"
way/1443884398,way/1443884398,,,,,,,,,,,,,,,,substation,,,,,,,,,"POLYGON ((-1.4546813 8.7830833, -1.4542667 8.7822381, -1.453802 8.7824546, -1.4542667 8.7833225, -1.4546813 8.7830833))","(-1.4542500000000003, 8.782770546411921)"
way/1443891012,way/1443891012,,,,,,,,,,,,Akyempim,,,,substation,,,,,,,,,"POLYGON ((-1.7146695 5.4873968, -1.7143119 5.4874332, -1.7144212 5.4880893, -1.7147857 5.4880574, -1.7146695 5.4873968))","(-1.714547463693545, 5.487745069602175)"
way/1458098308,way/1458098308,,,,,,,,,,,,,,,,substation,,,,,,,,,"POLYGON ((-1.8501937 5.5225563, -1.8503141 5.5221304, -1.8495782 5.5219243, -1.8494892 5.5222392, -1.849648 5.5222837, -1.8496167 5.5223946, -1.8501937 5.5225563))","(-1.8499058146847533, 5.522235712460375)"
node/919643943,node/919643943,,,,,,,,,,,,,Ghana Electricity Company,,,substation,Anloga Mains,,,,,,,,POINT (0.8771236 5.7908216),"(0.8771236, 5.7908216)"
node/2319576160,node/2319576160,,,,,,,,,,,,E.C.G. Office,Electricity Company of Ghana,ECG,Q16733491,substation,,,,,,distribution,,,POINT (0.4766635 7.1438747),"(0.4766635, 7.1438747)"
node/3095475599,node/3095475599,,,,,,,,,,,,,,,,substation,,,,,,,,,POINT (-0.2215759 5.5817531),"(-0.2215759, 5.5817531)"
node/3661904513,node/3661904513,,,,,,,,,,,,Station G,,,,substation,,,,,,minor_distribution,,,POINT (-0.2729712 5.5745814),"(-0.2729712, 5.5745814)"
node/6390492522,node/6390492522,,,,,,,,,,,,Electricity Company of Ghana,Electricity Company of Ghana,ECG,Q16733491,substation,,,,,,distribution,,,POINT (-0.2684147 6.0955284),"(-0.2684147, 6.0955284)"
node/6533692640,node/6533692640,,,,,,,,,,,,,,,,substation,,,,,,,,,POINT (-1.6852973 6.9274942),"(-1.6852973, 6.9274942)"
node/9501906282,node/9501906282,,,,,,,,,,,,,,,,substation,,,,,,,,,POINT (-2.4339144 5.8217273),"(-2.4339144, 5.8217273)"
node/11398702941,node/11398702941,,,,,,,,,,,,Electricity Company of Ghana Ltd - Ayigya,Electricity Company of Ghana,ECG,Q16733491,substation,,,,,,distribution,,,POINT (-1.5429205 6.6940126),"(-1.5429205, 6.6940126)"
node/12097152221,node/12097152221,,,,,,,,,,,,Electricity Company of Ghana (Office),Electricity Company of Ghana,ECG,Q16733491,substation,,,,,,distribution,,,POINT (-1.7322832 6.6924988),"(-1.7322832, 6.6924988)"
